INSERT INTO app_user (cpf, first_name, last_name, birth_date, email, tel1, tel2, street, street_number, complement, neighborhood, city, state, zip_code) VALUES
('40660601661', 'Luigi', 'Guerra', '1956-05-12', 'msampaio@example.net', '35993558164', '82976321588', 'Feira Vargas', '99', 'B', 'Inconfidência', 'Caldeira', 'AC', '93462574'),
('96084073202', 'Luara', 'Costa', '1992-10-30', 'aurora76@example.org', '11926202843', '10980230435', 'Ladeira de Monteiro', '41', 'B', 'Vila Dos Anjos', 'Cunha', 'MG', '00522813'),
('61449768617', 'Maria Sophia', 'Sá', '2004-04-12', 'emilly82@example.com', '24941285257', '00966253709', 'Vereda Catarina Nogueira', '31', 'A', 'Vila Pinho', 'Freitas', 'MS', '10290332'),
('15307854301', 'Isis', 'Cavalcanti', '1963-05-17', 'da-conceicaomaria-vitoria@example.com', '13951160746', '21979371684', 'Avenida Correia, 936', '44', 'NULL', 'Pousada Santo Antonio', 'Fernandes de Farias', 'SE', '18639677'),
('18723971186', 'Heitor', 'das Neves', '1989-01-27', 'ocorreia@example.net', '42974864603', '75990983739', 'Avenida de Abreu, 17', '7', 'NULL', 'Bernadete', 'da Conceição Verde', 'PB', '94292580'),
('57020517119', 'Fernando', 'Abreu', '1990-05-18', 'vianadiego@example.org', '07960727072', '94966871248', 'Distrito de da Costa', '63', 'NULL', 'Santa Isabel', 'Cavalcante', 'RR', '33777536'),
('26580751727', 'Lucas', 'Borges', '1996-08-27', 'da-luzeloah@example.com', '12995357057', '92930824851', 'Feira Valentim Cavalcanti, 50', '52', 'B', 'Barão Homem De Melo 2ª Seção', 'Fernandes das Pedras', 'CE', '82714715'),
('97679020616', 'Caio', 'Almeida', '1988-08-09', 'domcorreia@example.net', '34943685368', '08938062210', 'Feira de da Conceição, 7', '73', 'B', 'Solimoes', 'Câmara do Galho', 'ES', '39368438'),
('00703289325', 'José Miguel', 'Borges', '2003-01-14', 'mda-paz@example.com', '45998945678', '53972871536', 'Praia Sales, 40', '47', 'NULL', 'Flavio Marques Lisboa', 'Garcia do Campo', 'DF', '28342702'),
('11117337268', 'Bernardo', 'Costela', '1982-04-04', 'lara45@example.net', '17939114223', '01999530156', 'Distrito de da Mata, 8', '309', 'NULL', 'Vila Copacabana', 'da Luz', 'AL', '01639515');

INSERT INTO account (balance, user_id) VALUES
(4232.712, '26580751727'),
(8076.251, '26580751727'),
(1807.026, '18723971186'),
(14288.287, '18723971186'),
(8727.79, '96084073202'),
(16916.222, '96084073202'),
(9964.086, '57020517119'),
(6275.711, '57020517119'),
(5183.198, '18723971186'),
(16529.74, '18723971186'),
(9257.271, '96084073202'),
(12891.823, '96084073202'),
(9880.293, '11117337268'),
(13182.959, '11117337268'),
(3760.236, '18723971186'),
(15815.83, '18723971186'),
(905.434, '26580751727'),
(15355.82, '26580751727'),
(3737.61, '26580751727'),
(17630.132, '26580751727');

INSERT INTO current_account (id, monthly_income, overdraft_limit) VALUES
(1, 5917.517, 873.009),
(3, 6641.446, 609.157),
(5, 6931.733, 953.493),
(7, 6972.183, 1255.763),
(9, 3903.482, 1663.375),
(11, 6327.334, 1195.375),
(13, 4670.98, 1992.99),
(15, 4056.928, 1461.728),
(17, 5232.851, 1570.236),
(19, 5587.554, 1612.187);

INSERT INTO savings_account (id, interest_rate, anniversary_date) VALUES
(2, 0.026, '2025-10-05'),
(4, 0.035, '2026-06-04'),
(6, 0.049, '2025-08-02'),
(8, 0.024, '2026-01-29'),
(10, 0.04, '2026-03-04'),
(12, 0.013, '2025-09-27'),
(14, 0.02, '2025-12-13'),
(16, 0.016, '2026-06-12'),
(18, 0.046, '2025-12-22'),
(20, 0.031, '2025-11-26');

INSERT INTO goal (name, balance, target_value, date, account_id) VALUES
('Repudiandae', 107.231, 18681.679, '2025-09-15', 15),
('Perspiciatis', 310.261, 8329.597, '2025-08-12', 3),
('Soluta', 4731.63, 6478.225, '2026-01-19', 17),
('Cupiditate', 3266.799, 10436.439, '2026-04-22', 14),
('Possimus', 2779.366, 9611.34, '2025-08-20', 11),
('Quod', 230.71, 17410.899, '2026-04-29', 4),
('Adipisci', 1881.354, 9959.459, '2025-08-14', 9),
('Provident', 3908.42, 10314.576, '2026-03-05', 4),
('Facilis', 2878.969, 9260.169, '2025-09-13', 1),
('Expedita', 1301.09, 19719.757, '2026-01-18', 4);

INSERT INTO card (number, expiration_date, security_code, bank_origin, account_id) VALUES
('5875374540629071', '01/27', '205', '216', 14),
('3088595005348377', '06/31', '124', '312', 14),
('1839814782690990', '11/34', '045', '970', 17),
('7181536091922168', '04/34', '374', '645', 17),
('3890359217938381', '06/34', '062', '601', 1),
('9600345938756722', '05/27', '583', '358', 1),
('0906723439391725', '12/26', '023', '331', 18),
('3897648130826965', '01/34', '294', '285', 18),
('1509130280296113', '09/31', '840', '364', 11),
('0984563740731795', '04/32', '171', '274', 11),
('2135650172337493', '04/30', '797', '944', 16),
('9129696240584515', '05/27', '819', '153', 16),
('0683973716559270', '09/29', '900', '786', 19),
('1456778922497597', '07/25', '960', '493', 19),
('1081501596651180', '03/35', '956', '686', 4),
('3962047315438245', '02/33', '993', '035', 4),
('4046530988210306', '02/28', '521', '075', 2),
('9584542781096874', '12/28', '365', '599', 2),
('6983203899612221', '12/33', '820', '010', 7),
('6900313301585056', '05/33', '219', '527', 7);

INSERT INTO credit_card (id, current_balance, credit_limit, invoice_due_date) VALUES
(1, 3880.671, 8943.831, '2025-07-15'),
(3, 4495.183, 2641.582, '2025-07-17'),
(5, 3728.094, 5442.829, '2025-07-11'),
(7, 3953.363, 2196.579, '2025-07-15'),
(9, 1463.494, 11564.462, '2025-07-16'),
(11, 4805.969, 14317.955, '2025-07-07'),
(13, 1437.33, 3502.467, '2025-07-10'),
(15, 1270.366, 13189.667, '2025-07-14'),
(17, 1741.662, 12531.959, '2025-07-03'),
(19, 4758.688, 8661.36, '2025-07-18');

INSERT INTO debit_card (id, daily_limit) VALUES
(2, 1119.258),
(4, 546.794),
(6, 846.372),
(8, 1752.313),
(10, 1853.683),
(12, 821.732),
(14, 1820.002),
(16, 1815.63),
(18, 1107.514),
(20, 1286.965);

INSERT INTO category (name) VALUES
('Food'),
('Transport'),
('Health'),
('Entertainment'),
('Shopping'),
('Utilities'),
('Salary'),
('Investment'),
('Rent'),
('Education');

INSERT INTO app_transaction (value, type, installments, goal_id, category_id) VALUES
(169.919, 'expense', True, 1, 10),
(720.812, 'expense', True, NULL, 3),
(191.155, 'expense', True, 8, 9),
(305.119, 'expense', False, 3, 2),
(171.551, 'expense', False, 5, 3),
(567.398, 'expense', False, 7, 3),
(202.785, 'expense', True, NULL, 4),
(671.897, 'expense', True, 4, 8),
(761.296, 'expense', True, NULL, 3),
(868.525, 'expense', False, 2, 2),
(1857.454, 'income', False, NULL, 3),
(215.296, 'expense', False, 9, 7),
(2684.4, 'expense', False, 8, 10),
(4748.078, 'income', False, NULL, 4),
(88.0, 'income', False, NULL, 8),
(4736.321, 'expense', False, NULL, 7),
(1517.475, 'income', False, 8, 5),
(4515.08, 'income', False, 7, 1),
(3238.777, 'income', False, 10, 8),
(2700.772, 'expense', False, NULL, 1);

INSERT INTO transaction_card (transaction_id, card_id, date) VALUES
(1, 4, '2024-07-24'),
(2, 12, '2024-11-20'),
(3, 13, '2025-02-15'),
(4, 7, '2025-03-20'),
(5, 19, '2024-08-14'),
(6, 10, '2024-11-17'),
(7, 5, '2024-10-09'),
(8, 9, '2024-08-15'),
(9, 1, '2025-04-26'),
(10, 7, '2024-09-11');

INSERT INTO transaction_account (transaction_id, account_id, date) VALUES
(11, 18, '2024-07-31'),
(12, 19, '2024-12-14'),
(13, 15, '2025-05-14'),
(14, 18, '2025-03-01'),
(15, 6, '2025-01-29'),
(16, 5, '2024-10-21'),
(17, 13, '2025-03-08'),
(18, 20, '2025-03-29'),
(19, 9, '2025-06-01'),
(20, 15, '2024-12-18');
