INSERT INTO app_user (cpf, first_name, last_name, birth_date, email, tel1, tel2, complement, neighborhood, city, state, zip_code) VALUES
('15061091264', 'Gabriel', 'Novais', '1960-09-27', 'mbrito@example.net', '45908869882', '46960479240', 'A', 'Milionario', 'Lopes', 'DF', '53219509'),
('74368473569', 'Benício', 'Castro', '1964-04-08', 'amandanogueira@example.com', '45954634185', '99900209183', 'NULL', 'Nova Cintra', 'Melo de Fernandes', 'RJ', '64930712'),
('43143822981', 'Luiz Henrique', 'Camargo', '2007-05-22', 'iribeiro@example.com', '53937585520', '60928403763', 'B', 'Vila De Sá', 'Pimenta da Mata', 'PA', '92398005'),
('23955553263', 'Ana Carolina', 'Novais', '2004-04-07', 'wpires@example.com', '40967981111', '99935495192', 'B', 'Lourdes', 'Ribeiro', 'RN', '51685668'),
('14652134795', 'Vitor Hugo', 'Aparecida', '1956-05-07', 'kcosta@example.net', '62997688448', '04918557304', 'A', 'Nova Cintra', 'da Rocha', 'PR', '86998885'),
('66309490737', 'José Pedro', 'da Conceição', '1958-05-29', 'vfreitas@example.com', '60989314922', '91990228527', 'B', 'Copacabana', 'Machado de da Mota', 'AL', '63171142'),
('43009080406', 'Luiz Miguel', 'Cirino', '1979-07-02', 'heloisa50@example.com', '18984916693', '02903094266', 'A', 'Sagrada Família', 'Melo', 'PA', '43763397'),
('40287782089', 'Esther', 'Fogaça', '1955-08-21', 'casa-grandebruno@example.com', '65918837423', '48929324022', 'NULL', 'Vila Cloris', 'Mendonça de Goiás', 'AP', '55893163'),
('44405249561', 'Anna Liz', 'Mendes', '1998-05-13', 'moraesraquel@example.net', '06944799909', '78941962275', 'NULL', 'Vila Dos Anjos', 'Correia', 'SE', '56677755'),
('93265520660', 'Rafael', 'Aparecida', '1955-03-21', 'nleao@example.net', '02911445134', '05921277759', 'A', 'Ipe', 'da Mata do Oeste', 'RS', '53362774');

INSERT INTO account (balance, user_id) VALUES
(6596.831, '43009080406'),
(12397.893, '43009080406'),
(9476.744, '93265520660'),
(23767.291, '93265520660'),
(9596.753, '74368473569'),
(15154.815, '74368473569'),
(3089.049, '74368473569'),
(17819.473, '74368473569'),
(3989.41, '66309490737'),
(21340.244, '66309490737'),
(8842.965, '44405249561'),
(16142.555, '44405249561'),
(9772.561, '23955553263'),
(20466.611, '23955553263'),
(8209.543, '14652134795'),
(6502.739, '14652134795'),
(8485.996, '43143822981'),
(10133.112, '43143822981'),
(8829.762, '23955553263'),
(13778.083, '23955553263');

INSERT INTO current_account (id, monthly_income, overdraft_limit) VALUES
(1, 4766.698, 417.861),
(3, 3949.318, 608.162),
(5, 1732.728, 359.11),
(7, 5580.629, 893.789),
(9, 5648.099, 1865.094),
(11, 3590.099, 1705.201),
(13, 6978.154, 158.793),
(15, 6261.603, 1307.574),
(17, 7371.264, 966.429),
(19, 5243.799, 1523.307);

INSERT INTO savings_account (id, interest_rate, anniversary_date) VALUES
(2, 0.03, '2026-01-17'),
(4, 0.02, '2026-01-08'),
(6, 0.039, '2026-06-06'),
(8, 0.017, '2026-03-05'),
(10, 0.018, '2025-07-23'),
(12, 0.04, '2026-03-04'),
(14, 0.034, '2025-11-23'),
(16, 0.029, '2025-11-04'),
(18, 0.024, '2025-12-27'),
(20, 0.028, '2025-10-22');

INSERT INTO goal (name, balance, target_value, date, account_id) VALUES
('Possimus', 683.036, 14524.9, '2025-12-15', 19),
('Eius', 1074.805, 15395.899, '2025-09-19', 13),
('Enim', 4306.531, 9400.842, '2026-01-18', 4),
('Velit', 3014.72, 10465.408, '2025-07-30', 3),
('Occaecati', 1030.96, 5806.404, '2025-08-19', 1),
('Accusamus', 1715.034, 7187.759, '2025-09-16', 14),
('Possimus', 4172.261, 8590.091, '2026-05-09', 19),
('Ut', 3813.125, 18879.303, '2025-11-04', 10),
('Soluta', 56.549, 18411.177, '2025-09-23', 19),
('Magnam', 3753.854, 19564.043, '2025-10-02', 5);

INSERT INTO card (number, expiration_date, security_code, bank_origin, account_id) VALUES
('5599069809356760', '09/25', '633', '617', 20),
('8224568193430534', '10/26', '092', '115', 20),
('3984219051927543', '06/27', '785', '586', 14),
('6784211377838051', '01/35', '972', '621', 14),
('5155001497438238', '03/26', '745', '679', 12),
('9135573147058045', '06/30', '499', '099', 12),
('8837487881203068', '02/28', '844', '919', 20),
('4745488146939762', '05/30', '809', '859', 20),
('4640908166696187', '09/29', '210', '348', 19),
('7639504052968483', '11/31', '568', '003', 19),
('0920743630676744', '01/32', '987', '163', 6),
('7142001033984889', '02/29', '468', '881', 6),
('9599557790810914', '02/34', '097', '713', 9),
('9524598129609905', '02/33', '697', '394', 9),
('2101072833323255', '03/26', '975', '533', 11),
('9159236021455579', '02/35', '571', '544', 11),
('9724330253602420', '06/30', '525', '315', 15),
('0831344727324353', '08/26', '121', '265', 15),
('0410538680997745', '08/28', '875', '201', 4),
('9223799345097773', '05/27', '174', '572', 4);

INSERT INTO credit_card (id, current_balance, credit_limit, invoice_due_date) VALUES
(1, 779.396, 12679.859, '2025-06-28'),
(3, 4354.057, 13491.098, '2025-07-17'),
(5, 3416.266, 1453.705, '2025-07-14'),
(7, 3764.674, 14975.77, '2025-07-13'),
(9, 820.427, 11108.929, '2025-06-30'),
(11, 2448.39, 2020.355, '2025-06-29'),
(13, 2849.457, 5822.584, '2025-07-06'),
(15, 3271.915, 14102.263, '2025-07-12'),
(17, 1431.019, 7323.732, '2025-07-01'),
(19, 1800.339, 2310.219, '2025-07-02');

INSERT INTO debit_card (id, current_balance, daily_limit) VALUES
(2, 13778.083, 815.793),
(4, 20466.611, 592.598),
(6, 16142.555, 1723.571),
(8, 13778.083, 566.402),
(10, 8829.762, 1860.666),
(12, 15154.815, 650.637),
(14, 3989.41, 1519.802),
(16, 8842.965, 501.521),
(18, 8209.543, 778.119),
(20, 23767.291, 1325.268);

INSERT INTO category (name) VALUES
('Food'),
('Transport'),
('Health'),
('Entertainment'),
('Shopping'),
('Utilities'),
('Salary'),
('Investment'),
('Rent'),
('Education');

INSERT INTO app_transaction (value, type, installments, date, goal_id, category_id) VALUES
(403.609, 'expense', False, '2024-09-19', NULL, 9),
(496.388, 'expense', True, '2025-04-11', 4, 6),
(216.002, 'expense', True, '2024-08-02', NULL, 1),
(592.28, 'expense', False, '2025-01-15', NULL, 9),
(643.254, 'expense', True, '2025-06-09', 4, 5),
(167.826, 'expense', True, '2025-04-15', NULL, 4),
(340.116, 'expense', False, '2025-02-01', NULL, 10),
(824.478, 'expense', False, '2024-08-30', 3, 7),
(331.908, 'expense', True, '2024-11-07', 7, 3),
(268.881, 'expense', False, '2025-01-24', 4, 8),
(3580.887, 'income', False, '2025-04-26', 5, 2),
(4413.333, 'income', False, '2025-06-04', 4, 3),
(2022.955, 'expense', False, '2024-11-21', NULL, 8),
(1745.126, 'expense', False, '2024-06-29', 6, 1),
(3491.106, 'expense', False, '2024-07-24', 4, 1),
(59.487, 'income', False, '2024-10-05', 6, 9),
(2188.611, 'income', False, '2024-09-28', 3, 6),
(1558.953, 'expense', False, '2025-05-19', 2, 6),
(3060.071, 'income', False, '2024-07-30', 3, 10),
(3196.253, 'expense', False, '2025-03-10', 4, 10);

INSERT INTO transaction_card (transaction_id, card_id, date) VALUES
(1, 20, '2024-09-19'),
(2, 7, '2025-04-11'),
(3, 3, '2024-08-02'),
(4, 13, '2025-01-15'),
(5, 17, '2025-06-09'),
(6, 14, '2025-04-15'),
(7, 20, '2025-02-01'),
(8, 1, '2024-08-30'),
(9, 11, '2024-11-07'),
(10, 6, '2025-01-24');

INSERT INTO transaction_account (transaction_id, account_id, date) VALUES
(11, 18, '2025-04-26'),
(12, 1, '2025-06-04'),
(13, 16, '2024-11-21'),
(14, 1, '2024-06-29'),
(15, 17, '2024-07-24'),
(16, 20, '2024-10-05'),
(17, 2, '2024-09-28'),
(18, 12, '2025-05-19'),
(19, 5, '2024-07-30'),
(20, 5, '2025-03-10');

