INSERT INTO app_user (cpf, first_name, last_name, birth_date, email, tel1, tel2, street, street_number, complement, neighborhood, city, state, zip_code) VALUES
('46917027301', 'Nina', 'Abreu', '1961-11-28', 'ester10@example.org', '48939394027', '14922903381', 'Passarela Moura, 88', '85', 'A', 'Vila Jardim Alvorada', 'da Paz', 'RO', '90488551'),
('93425481010', 'Gustavo', 'Nunes', '1980-06-05', 'ana-clara66@example.com', '12923656310', '14964756418', 'Vale de Marques', '4', 'A', 'Caiçara - Adelaide', 'Nunes Alegre', 'DF', '41780319'),
('14204890806', 'Enzo', 'Brito', '1969-12-07', 'yancorreia@example.net', '05938529060', '37970557804', 'Aeroporto Melo, 8', '90', 'A', 'Vila Da Paz', 'Porto Alegre', 'RS', '39167709'),
('95765267566', 'Maria Isis', 'Martins', '1955-02-21', 'siqueirapedro-henrique@example.net', '85945260778', '39941926556', 'Viela Lopes, 92', '69', 'B', 'Etelvina Carneiro', 'Dias', 'PI', '30444697'),
('86492515998', 'Oliver', 'Costela', '2002-05-14', 'umartins@example.org', '92928765450', '15986180617', 'Trevo de Gomes, 24', '7', 'A', 'Novo Santa Cecilia', 'Câmara', 'MS', '34531483'),
('09109652338', 'Bruno', 'Aragão', '1975-10-22', 'lavinia67@example.net', '02908328799', '46959278627', 'Trecho Martins', '9', 'NULL', 'Pirineus', 'Borges', 'AP', '73530267'),
('06747374027', 'Theodoro', 'Castro', '2001-10-24', 'elisa88@example.net', '41910174980', '89953743447', 'Viaduto Monteiro, 66', '8', 'B', 'Conjunto Lagoa', 'Santos', 'AL', '02627640'),
('16154874831', 'Júlia', 'Pimenta', '1986-12-05', 'maria-luizapacheco@example.net', '28938646022', '96990095300', 'Esplanada Ana Luiza Cavalcanti, 29', '1', 'B', 'Vila Barragem Santa Lúcia', 'Cardoso das Flores', 'AP', '80299116'),
('02512655755', 'Aylla', 'Fonseca', '2004-12-01', 'augusto81@example.com', '21918167328', '83928411599', 'Estação Liz Oliveira', '85', 'B', 'Miramar', 'da Costa de Goiás', 'DF', '46513973'),
('94887372057', 'Apollo', 'Aragão', '1962-01-03', 'alexia20@example.org', '96931832429', '22921990525', 'Praça de Nogueira', '37', 'A', 'Vila Nova Gameleira 3ª Seção', 'da Paz', 'RJ', '86196788');

INSERT INTO account (balance, user_id) VALUES
(4885.209, '94887372057'),
(5285.994, '94887372057'),
(3188.09, '95765267566'),
(23888.637, '95765267566'),
(9570.991, '06747374027'),
(12090.027, '06747374027'),
(4708.75, '16154874831'),
(21687.342, '16154874831'),
(3475.468, '94887372057'),
(19150.073, '94887372057'),
(9444.065, '94887372057'),
(1077.126, '94887372057'),
(8748.549, '94887372057'),
(16259.518, '94887372057'),
(3190.166, '93425481010'),
(19185.987, '93425481010'),
(4661.018, '95765267566'),
(5287.808, '95765267566'),
(5094.085, '46917027301'),
(2126.067, '46917027301');

INSERT INTO current_account (id, monthly_income, overdraft_limit) VALUES
(1, 6563.607, 876.516),
(3, 3373.796, 791.2),
(5, 5243.356, 1617.363),
(7, 6437.887, 1880.169),
(9, 4925.083, 1878.665),
(11, 2746.783, 506.509),
(13, 5788.252, 1794.926),
(15, 4342.42, 162.965),
(17, 3200.063, 1909.369),
(19, 2724.563, 1106.729);

INSERT INTO savings_account (id, interest_rate, anniversary_date) VALUES
(2, 0.036, '2025-09-01'),
(4, 0.027, '2026-01-17'),
(6, 0.034, '2025-09-06'),
(8, 0.044, '2026-02-27'),
(10, 0.022, '2025-10-24'),
(12, 0.042, '2025-11-10'),
(14, 0.014, '2025-11-16'),
(16, 0.012, '2026-04-26'),
(18, 0.048, '2026-04-24'),
(20, 0.041, '2026-05-11');

INSERT INTO goal (name, balance, target_value, date, account_id) VALUES
('Fugit', 1486.122, 9043.35, '2026-05-08', 1),
('Id', 2138.903, 14439.777, '2025-09-29', 19),
('Distinctio', 2983.258, 9059.21, '2026-01-16', 1),
('Deleniti', 2416.18, 12651.517, '2025-12-23', 4),
('Perferendis', 2420.337, 13615.162, '2025-08-18', 15),
('Asperiores', 1221.17, 17913.416, '2026-03-30', 13),
('Ex', 1597.01, 15597.527, '2025-11-02', 6),
('Cupiditate', 4163.171, 18175.331, '2025-09-30', 18),
('Quasi', 4224.297, 13935.351, '2025-09-22', 12),
('Ea', 3129.037, 7570.545, '2026-02-21', 14);

INSERT INTO card (number, expiration_date, security_code, bank_origin, account_id) VALUES
('6063007656633658', '10/33', '128', '134', 2),
('4491703014865361', '05/28', '368', '940', 2),
('4579639022574012', '02/27', '247', '521', 3),
('9035005407135871', '12/33', '741', '130', 3),
('2601700883761548', '02/27', '503', '954', 14),
('3051786508831390', '08/26', '307', '813', 14),
('7630925032654271', '10/25', '542', '016', 19),
('5882498515313898', '04/32', '101', '710', 19),
('0462241708789465', '08/27', '850', '120', 8),
('7818955487829692', '11/26', '884', '265', 8),
('5900771710188975', '04/32', '613', '774', 20),
('0751911345595744', '02/28', '795', '909', 20),
('6832863181825619', '03/26', '838', '315', 3),
('1672573310672457', '12/34', '438', '851', 3),
('2161345958985358', '04/28', '835', '272', 6),
('5679100475126564', '05/33', '930', '382', 6),
('7383075818339262', '07/25', '541', '566', 10),
('1030065501804363', '10/31', '066', '773', 10),
('8372433060417770', '01/34', '474', '494', 11),
('1872869671376089', '12/31', '106', '567', 11);

INSERT INTO credit_card (id, current_balance, credit_limit, invoice_due_date) VALUES
(1, 1064.743, 3668.343, '2025-07-14'),
(3, 1927.029, 2096.937, '2025-07-22'),
(5, 785.297, 5853.304, '2025-07-09'),
(7, 4577.827, 8301.661, '2025-07-15'),
(9, 4535.027, 11922.381, '2025-07-17'),
(11, 326.625, 9797.874, '2025-07-12'),
(13, 2451.028, 2475.431, '2025-07-08'),
(15, 4398.009, 10482.641, '2025-07-13'),
(17, 2068.589, 5313.671, '2025-07-17'),
(19, 1648.067, 1480.759, '2025-07-03');

INSERT INTO debit_card (id, current_balance, daily_limit) VALUES
(2, 5285.994, 806.208),
(4, 3188.09, 837.592),
(6, 16259.518, 1703.328),
(8, 5094.085, 794.538),
(10, 21687.342, 1009.496),
(12, 2126.067, 781.714),
(14, 3188.09, 1623.195),
(16, 12090.027, 1894.738),
(18, 19150.073, 782.042),
(20, 9444.065, 1662.579);

INSERT INTO category (name) VALUES
('Food'),
('Transport'),
('Health'),
('Entertainment'),
('Shopping'),
('Utilities'),
('Salary'),
('Investment'),
('Rent'),
('Education');

INSERT INTO app_transaction (value, type, installments, goal_id, category_id) VALUES
(871.744, 'expense', False, NULL, 6),
(699.293, 'expense', False, 3, 10),
(948.705, 'expense', False, 10, 6),
(510.593, 'expense', True, NULL, 6),
(200.797, 'expense', False, 2, 5),
(813.187, 'expense', True, 7, 3),
(370.621, 'expense', False, NULL, 7),
(586.89, 'expense', False, NULL, 3),
(999.708, 'expense', True, NULL, 6),
(728.394, 'expense', False, 6, 2),
(750.267, 'expense', False, NULL, 8),
(4889.358, 'income', False, NULL, 2),
(20.223, 'expense', False, NULL, 8),
(4492.327, 'expense', False, NULL, 10),
(3621.521, 'income', False, 10, 10),
(4281.8, 'income', False, 9, 2),
(50.964, 'expense', False, 9, 5),
(1436.542, 'expense', False, NULL, 8),
(1634.941, 'income', False, 6, 9),
(1456.691, 'expense', False, NULL, 6);

INSERT INTO transaction_card (transaction_id, card_id, date) VALUES
(1, 5, '2024-09-08'),
(2, 4, '2025-01-15'),
(3, 18, '2024-11-16'),
(4, 14, '2024-10-16'),
(5, 6, '2024-11-30'),
(6, 9, '2025-06-03'),
(7, 2, '2024-07-20'),
(8, 19, '2025-01-07'),
(9, 20, '2025-01-30'),
(10, 1, '2024-11-21');

INSERT INTO transaction_account (transaction_id, account_id, date) VALUES
(11, 11, '2024-11-22'),
(12, 5, '2024-10-12'),
(13, 8, '2025-03-07'),
(14, 13, '2025-04-02'),
(15, 4, '2024-09-30'),
(16, 13, '2025-02-11'),
(17, 16, '2024-12-25'),
(18, 11, '2024-10-10'),
(19, 12, '2025-01-29'),
(20, 20, '2025-03-12');